<?xml version="1.0" encoding="utf-8" ?>
<manifest>
  <control 
    namespace="HelloWorld" 
    constructor="HelloWorldControl" 
    version="1.0.0" 
    display-name-key="HelloWorldControl" 
    description-key="HelloWorldControl description" 
    control-type="standard">

    <property 
      name="value" 
      display-name-key="HelloWorldControl" 
      description-key="HelloWorldControl description" 
      of-type="SingleLine.Text" 
      usage="bound" 
      required="true" />

    <resources>
      <code path="index.ts" order="1" />
    </resources>

    <feature-usage>
      <uses-feature name="canvas-app" required="true" />
    </feature-usage>

  </control>
</manifest>